controller,trajectory,pos_rmse,heading_rmse,effort,compute_ms_mean,compute_ms_max
pid,circle,0.30323247492060545,0.03181519261432399,16365.570938330435,0.009357595379697159,0.07308402564376593
pid,figure8,0.18818871870837883,0.09915325598679299,13063.68319651111,0.008781480641725162,0.05224999040365219
pid,waypoints,0.8344598639032923,1.390930043216963e-16,11347.554230583324,0.008793888613581657,0.04170800093561411
