controller,trajectory,pos_rmse,heading_rmse,effort,compute_ms_mean,compute_ms_max
ppo,circle,0.19730743729147557,0.07178400256502616,12976.651631036864,0.0856675625545904,0.4092089948244393
ppo,figure8,0.17999053994493744,0.17325299619166767,13664.949204217368,0.08160994632635266,0.2830000012181699
ppo,waypoints,0.713924517269232,0.1909443381649248,61760.18488847634,0.08307848384720273,0.560375046916306
sac,circle,0.41930044947869943,0.6361726783503365,54774.38249782997,0.1259696155320853,1.9848750089295208
sac,figure8,0.855756090885864,0.9054245396626458,87299.60157044951,0.11662491003517061,0.30112499371171
sac,waypoints,8.527307621270468,0.6462807184890981,105469.5156458201,0.1169561262067873,0.1895829918794334
